{
  "performance_prediction": {
    "model_name": "Performance Prediction",
    "accuracy": 0.999,
    "precision": 0.9980097087378641,
    "recall": 0.999,
    "f1_score": 0.9985024390243903,
    "cv_f1_mean": 0.999147167761057,
    "cv_f1_std": 0.0006004070221154174,
    "feature_importance": {
      "avg_score_scaled": 0.7316897544097529,
      "completion_rate_scaled": 0.1001120338669141,
      "avg_progress_scaled": 0.07574539565638909,
      "num_courses_enrolled_scaled": 0.01431589342922419,
      "num_completed_scaled": 0.011612525698690736,
      "total_time_spent_scaled": 0.008609871936719478,
      "num_certificates_scaled": 0.007513364493603194,
      "cgpa_scaled": 0.00601531318554288,
      "avg_assessment_score_scaled": 0.005589661262550457,
      "avg_proficiency_scaled": 0.005271037217508976,
      "total_projects_scaled": 0.004502000933865431,
      "age_scaled": 0.00438809229289057,
      "last_course_category_enc": 0.003936696902089966,
      "total_certifications_scaled": 0.003730842716736194,
      "top_skill_category_enc": 0.0035809288099048196,
      "semester_scaled": 0.0031661936991768604,
      "country_enc": 0.0026095845100236994,
      "num_skills_scaled": 0.0023469746304658366,
      "department_enc": 0.0020739679091443803,
      "last_course_level_enc": 0.001861621423056094
    },
    "classification_report": {
      "High": {
        "precision": 0.0,
        "recall": 0.0,
        "f1-score": 0.0,
        "support": 2.0
      },
      "Low": {
        "precision": 1.0,
        "recall": 1.0,
        "f1-score": 1.0,
        "support": 1794.0
      },
      "Medium": {
        "precision": 0.9902912621359223,
        "recall": 1.0,
        "f1-score": 0.9951219512195122,
        "support": 204.0
      },
      "accuracy": 0.999,
      "macro avg": {
        "precision": 0.6634304207119741,
        "recall": 0.6666666666666666,
        "f1-score": 0.6650406504065041,
        "support": 2000.0
      },
      "weighted avg": {
        "precision": 0.9980097087378641,
        "recall": 0.999,
        "f1-score": 0.9985024390243903,
        "support": 2000.0
      }
    }
  },
  "course_recommendation": {
    "model_name": "Course Recommendation",
    "accuracy": 0.132,
    "precision": 0.13400967328123217,
    "recall": 0.132,
    "f1_score": 0.10747196793994948,
    "cv_f1_mean": 0.10032157428138637,
    "cv_f1_std": 0.0038357620423730867,
    "feature_importance": {
      "last_course_category_enc": 0.08956573346040499,
      "avg_assessment_score_scaled": 0.07407478923634864,
      "avg_score_scaled": 0.07137007516710375,
      "cgpa_scaled": 0.07048880254043001,
      "avg_progress_scaled": 0.0679026563237724,
      "total_time_spent_scaled": 0.06755315060658386,
      "avg_proficiency_scaled": 0.055720793349710085,
      "age_scaled": 0.052814723248142,
      "total_projects_scaled": 0.052771205219075475,
      "completion_rate_scaled": 0.050100482334820694,
      "total_certifications_scaled": 0.04696785849553844,
      "top_skill_category_enc": 0.046719694457346084,
      "num_courses_enrolled_scaled": 0.04068942290545697,
      "semester_scaled": 0.035655126323509576,
      "country_enc": 0.033192199533273334,
      "department_enc": 0.02953420888771087,
      "num_skills_scaled": 0.02664679030641067,
      "num_certificates_scaled": 0.02395949903469019,
      "num_completed_scaled": 0.023097142948948456,
      "last_course_level_enc": 0.022235865881735314
    },
    "classification_report": {
      "AI": {
        "precision": 0.16216216216216217,
        "recall": 0.15517241379310345,
        "f1-score": 0.15859030837004406,
        "support": 116.0
      },
      "Analytics": {
        "precision": 0.09523809523809523,
        "recall": 0.019801980198019802,
        "f1-score": 0.03278688524590164,
        "support": 101.0
      },
      "Business Intelligence": {
        "precision": 0.06666666666666667,
        "recall": 0.05357142857142857,
        "f1-score": 0.0594059405940594,
        "support": 112.0
      },
      "Cloud": {
        "precision": 0.08333333333333333,
        "recall": 0.009900990099009901,
        "f1-score": 0.017699115044247787,
        "support": 101.0
      },
      "Computer Vision": {
        "precision": 0.09090909090909091,
        "recall": 0.019801980198019802,
        "f1-score": 0.032520325203252036,
        "support": 101.0
      },
      "Data Engineering": {
        "precision": 0.12115732368896925,
        "recall": 0.4240506329113924,
        "f1-score": 0.18846694796061886,
        "support": 158.0
      },
      "Databases": {
        "precision": 0.23684210526315788,
        "recall": 0.07627118644067797,
        "f1-score": 0.11538461538461539,
        "support": 118.0
      },
      "Deep Learning": {
        "precision": 0.23809523809523808,
        "recall": 0.08333333333333333,
        "f1-score": 0.12345679012345678,
        "support": 120.0
      },
      "DevOps": {
        "precision": 0.22727272727272727,
        "recall": 0.16806722689075632,
        "f1-score": 0.1932367149758454,
        "support": 119.0
      },
      "Machine Learning": {
        "precision": 0.11016949152542373,
        "recall": 0.09848484848484848,
        "f1-score": 0.104,
        "support": 132.0
      },
      "Mathematics": {
        "precision": 0.0,
        "recall": 0.0,
        "f1-score": 0.0,
        "support": 82.0
      },
      "NLP": {
        "precision": 0.10810810810810811,
        "recall": 0.09230769230769231,
        "f1-score": 0.0995850622406639,
        "support": 130.0
      },
      "Programming": {
        "precision": 0.24,
        "recall": 0.1,
        "f1-score": 0.1411764705882353,
        "support": 120.0
      },
      "SQL": {
        "precision": 0.13829787234042554,
        "recall": 0.1925925925925926,
        "f1-score": 0.1609907120743034,
        "support": 135.0
      },
      "Soft Skills": {
        "precision": 0.11764705882352941,
        "recall": 0.39490445859872614,
        "f1-score": 0.18128654970760233,
        "support": 157.0
      },
      "Statistics": {
        "precision": 0.16,
        "recall": 0.037037037037037035,
        "f1-score": 0.06015037593984962,
        "support": 108.0
      },
      "Visualization": {
        "precision": 0.0,
        "recall": 0.0,
        "f1-score": 0.0,
        "support": 90.0
      },
      "accuracy": 0.132,
      "macro avg": {
        "precision": 0.12917054549570162,
        "recall": 0.11325281185039048,
        "f1-score": 0.09816098902662918,
        "support": 2000.0
      },
      "weighted avg": {
        "precision": 0.13400967328123217,
        "recall": 0.132,
        "f1-score": 0.10747196793994948,
        "support": 2000.0
      }
    }
  },
  "models_saved": [
    "model.pkl",
    "preprocessor.pkl"
  ],
  "deployment_model": "Random Forest (both tasks)"
}